id,name,key
0,Amsterdam,amsterdam
1,Dubai,dubai
2,London,london
3,New York City,nyc
4,Rome,rome
5,Barcelona,barcelona
6,Lisbon,lisbon
7,Marrakech,marrakech
8,Paris,paris
9,Las Vegas,vegas
10,Abu Dhabi,abu dhabi
11,Acadia National Park,acadia
12,Acapulco,acapulco
13,Adelaide,adelaide
14,Adirondacks,adirondacks
15,Agra,agra
16,Aix-en-Provence,aix
17,Albuquerque,albuquerque
18,Alicante,alicante
19,Amalfi Coast,amalfi
20,Anaheim-Disneyland,anaheim
21,Anchorage,anchorage
22,Anguilla,anguilla
23,Annapolis,annapolis
24,Ann Arbor,ann arbor
25,Antibes,antibes
26,Antigua,antigua
27,Arches National Park,arches
28,Argentine Patagonia,patagonia
29,Aruba,aruba
30,"Asheville, NC",asheville
31,Aspen,aspen
32,Athens,athens
33,Atlanta,atlanta
34,Atlantic City,atlantic city
35,Auckland,auckland
36,Austin,austin
37,Bahamas,bahamas
38,Bali,bali
39,Baltimore,baltimore
40,Banff,banff
41,Bangkok,bangkok
42,Barbados,barbados
43,Bar Harbor,bar harbor
44,Baton Rouge,baton rouge
45,Beijing,beijing
46,Belize,belize
47,Bend,bend
48,Berlin,berlin
49,Bermuda,bermuda
50,Big Sur,big sur
51,Biloxi,biloxi
52,Birmingham,birmingham
53,Boca Raton,boca raton
54,Boise,boise
55,Bonaire,bonaire
56,Bora Bora,bora bora
57,Boston,boston
58,Boulder,boulder
59,Branson,branson
60,Breckenridge,breckenridge
61,Brisbane,brisbane
62,British Virgin Islands,virgin islands
63,Bruges,bruges
64,Brussels,brussels
65,Bryce Canyon National Park,bryce canyon
66,Budapest,budapest
67,Buenos Aires,buenos aires
68,Buffalo,buffalo
69,Burgundy,burgundy
70,"Burlington, VT",burlington
71,Cabo San Lucas,cabo san lucas
72,Cairo,cairo
73,Calgary,calgary
74,"Cambridge, MA",cambridge
75,Canary Islands,canaries
76,Cancun,cancun
77,Cannes,cannes
78,Cape Cod,cape cod
79,Cape May,cape may
80,Cape Town,cape town
81,Capri,capri
82,Cartagena,cartagena
83,Catalina Island,catalina
84,Cayman Islands,caymans
85,"Charleston, SC",charleston
86,Charlotte,charlotte
87,Charlottesville,charlottesville
88,Chattanooga,chattanooga
89,Chicago,chicago
90,Chilean Patagonia,patagonia chile
91,Cincinnati,cincinnati
92,Cinque Terre,cinque terre
93,Clearwater Beach,clearwater beach
94,Cleveland,cleveland
95,Cocoa Beach,cocoa beach
96,Colorado Springs,colorado springs
97,"Columbus, OH",columbus
98,Copenhagen,copenhagen
99,Corfu,corfu
100,Corpus Christi,corpus christi
101,Costa Rica,costa rica
102,Cozumel,cozumel
103,Crete,crete
104,Curacao,curacao
105,Cusco,cusco
106,Dallas,dallas
107,Daytona Beach,daytona beach
108,Denver,denver
109,Destin,destin
110,Des Moines,des moines
111,Detroit,detroit
112,Disneyland,disneyland
113,Dominica,dominica
114,Dublin,dublin
115,Dubrovnik,dubrovnik
116,Edinburgh,edinburgh
117,El Paso,el paso
118,Estes Park,estes park
119,Fairbanks,fairbanks
120,Fiji,fiji
121,Flagstaff,flagstaff
122,Florence,florence
123,Fort Collins,fort collins
124,Fort Lauderdale,fort lauderdale
125,Fort Myers,fort myers
126,Fort Worth,fort worth
127,Galapagos Islands,galapagos
128,Galveston,galveston
129,Galway,galway
130,Gatlinburg,gatlinburg
131,Geneva,geneva
132,Gettysburg,gettysburg
133,Glacier National Park,glacier
134,Glasgow,glasgow
135,Granada,granada
136,Grand Canyon National Park,grand canyon
137,Grand Rapids,grand rapids
138,Grand Teton National Park,grand teton
139,Great Barrier Reef,great barrier reef
140,Great Smoky Mountains National Park,great smoky mountains
141,"Greenville, SC",greenville
142,Grenada,grenada
143,Guadalajara,guadalajara
144,Guadeloupe,guadeloupe
145,Gulf Shores,gulf shores
146,Halifax,halifax
147,Hamburg,hamburg
148,"Havana, Cuba",havana
149,Hawaii - The Big Island,hawaii
150,Hilton Head,hilton head
151,Hong Kong,hong kong
152,Honolulu - Oahu,honolulu
153,"Hot Springs, AR",hot springs
154,Houston,houston
155,Huntington Beach,huntington beach
156,Ibiza,ibiza
157,Indianapolis,indianapolis
158,Innsbruck,innsbruck
159,Istanbul,istanbul
160,Jacksonville,jacksonville
161,Jackson Hole,jackson hole
162,Jamaica,jamaica
163,Jasper National Park,jasper
164,Jerusalem,jerusalem
165,Johannesburg,johannesburg
166,Joshua Tree National Park,joshua tree
167,Juneau,juneau
168,Kansas City,kansas city
169,Kaua'i,kaua'i
170,Kennebunkport,kennebunkport
171,Key Largo,key largo
172,Key West,key west
173,Knoxville,knoxville
174,Krakow,krakow
175,Kruger National Park,kruger
176,Kyoto,kyoto
177,Laguna Beach,laguna beach
178,Lake George,lake george
179,Lake Tahoe,lake tahoe
180,Lanai,lanai
181,Lima,lima
182,Little Rock,little rock
183,Ljubljana,ljubljana
184,"Long Beach, CA",long beach
185,Los Angeles,los angeles
186,Louisville,louisville
187,Luxor,luxor
188,Lyon,lyon
189,Madagascar,madagascar
190,"Madison, WI",madison
191,Madrid,madrid
192,Maldives,maldives
193,Malibu,malibu
194,Mallorca,mallorca
195,Manchester,manchester
196,Marbella,marbella
197,Marseille,marseille
198,Martha's Vineyard,marthas vineyard
199,Martinique,martinique
200,Maui,maui
201,Mazatlan,mazatlan
202,Melbourne,melbourne
203,Memphis,memphis
204,Merida,merida
205,Mexico City,mexico city
206,Miami,miami
207,Miami Beach,miami beach
208,Milan,milan
209,Milwaukee,milwaukee
210,Minneapolis - St. Paul,minneapolis
211,Monaco,monaco
212,Monterey,monterey
213,Montreal,montreal
214,Moscow,moscow
215,Mount Rainier National Park,mount rainier
216,Munich,munich
217,Mykonos,mykonos
218,Myrtle Beach,myrtle beach
219,Nantucket,nantucket
220,Napa Valley,napa valley
221,Naples,naples
222,"Naples, Italy",napoli
223,Nashville,nashville
224,Newport Beach,newport beach
225,"Newport, RI",newport
226,New Orleans,new orleans
227,Niagara Falls,niagara falls
228,Nice,nice
229,Normandy,normandy
230,Oaxaca,oaxaca
231,"Ocean City, MD",ocean city maryland
232,"Ocean City, NJ",ocean city new jersey
233,Oklahoma City,oklahoma city
234,Olympic National Park,olympic
235,Omaha,omaha
236,Orlando,orlando
237,Oslo,oslo
238,Ottawa,ottawa
239,Outer Banks,outer banks
240,Palm Springs,palm springs
241,Panama City Beach,panama city beach
242,Park City,park city
243,Pensacola,pensacola
244,Perth,perth
245,Philadelphia,philadelphia
246,Phoenix,phoenix
247,Phuket,phuket
248,Pigeon Forge,pigeon forge
249,Pismo Beach,pismo beach
250,Pittsburgh,pittsburgh
251,Playa del Carmen,playa del carmen
252,"Portland, ME",portland maine
253,"Portland, OR",portland oregon
254,Porto,porto
255,Prague,prague
256,Providence,providence
257,Puerto Plata,puerto plata
258,Puerto Rico,puerto rico
259,Puerto Vallarta,puerto vallarta
260,Punta Cana,punta cana
261,Quebec City,quebec city
262,Queenstown,queenstown
263,Raleigh,raleigh
264,Rehoboth Beach,rehoboth beach
265,Reno,reno
266,Reykjavik,reykjavik
267,Richmond,richmond
268,Rio de Janeiro,rio de janeiro
269,Rocky Mountain National Park,rocky mountain
270,Sacramento,sacramento
271,"Saint John, New Brunswick",saint john
272,"Salem, MA",salem
273,Salt Lake City,salt lake city
274,Salzburg,salzburg
275,Sanibel Island,sanibel island
276,Santa Barbara,santa barbara
277,Santa Cruz,santa cruz
278,Santa Fe,santa fe
279,Santa Monica,santa monica
280,Santiago,santiago
281,Santorini,santorini
282,Santo Domingo,santo domingo
283,San Antonio,san antonio
284,San Diego,san diego
285,San Francisco,san francisco
286,San Jose,san jose
287,San Miguel de Allende,san miguel de allende
288,San Sebastian,san sebastian
289,Sarasota,sarasota
290,Sardinia,sardinia
291,Savannah,savannah
292,Scottish Highlands,scottish highlands
293,Seattle,seattle
294,Sedona,sedona
295,Seoul,seoul
296,Sequoia National Park,sequoia
297,Serengeti National Park,serengeti
298,Seville,seville
299,Seychelles,seychelles
300,Shanghai,shanghai
301,Shenandoah National Park,shenandoah
302,Sicily,sicily
303,Siesta Key,siesta key
304,Singapore,singapore
305,Sonoma,sonoma
306,"South Island, New Zealand",south island
307,South Padre Island,south padre island
308,Split,split
309,Steamboat Springs,steamboat springs
310,Stockholm,stockholm
311,"Stowe, VT",stowe
312,St. Augustine,st augustine
313,St. Barts,st barts
314,St. Kitts & Nevis,st kitts nevis
315,St. Louis,st louis
316,St. Lucia,st lucia
317,St. Martin - St. Maarten,st maarten
318,St. Petersburg,st petersburg
319,"St. Petersburg, FL",st petersburg florida
320,St. Vincent & The Grenadines,st vincent the grenadines
321,Sun Valley,sun valley
322,Sydney,sydney
323,Sao Paulo,sao paulo
324,Tahiti,tahiti
325,Tallahassee,tallahassee
326,Tampa,tampa
327,Tasmania,tasmania
328,Telluride,telluride
329,Tel Aviv,tel aviv
330,The Azores,azores
331,The Berkshires,berkshires
332,The Finger Lakes,finger lakes
333,The Poconos,poconos
334,Tibet,tibet
335,Tokyo,tokyo
336,Toronto,toronto
337,Traverse City,traverse city
338,Trinidad & Tobago,trinidad tobago
339,Tucson,tucson
340,Tulsa,tulsa
341,Tulum,tulum
342,Turks & Caicos,turks caicos
343,"Tuscany, Italy",tuscany
344,U.S. Virgin Islands,us virgin islands
345,Vail,vail
346,Valencia,valencia
347,"Vancouver, Canada",vancouver
348,Venice,venice
349,Vero Beach,vero beach
350,Victoria & Vancouver Island,victoria vancouver island
351,Vienna,vienna
352,Virginia Beach,virginia beach
353,Warsaw,warsaw
354,"Washington, D.C.",washington dc
355,Wellington,wellington
356,West Palm Beach,west palm beach
357,Whistler,whistler
358,Williamsburg,williamsburg
359,"Wilmington, NC",wilmington
360,Yellowstone National Park,yellowstone
361,Yosemite National Park,yosemite
362,Zion National Park,zion
363,Zurich,zurich
